{
  "gaussian": {
    "sigma": 0.6782998650496448,
    "boundaries": [
      0.5,
      1.5,
      2.5,
      3.5,
      4.5,
      5.5
    ]
  },
  "ordinal": {
    "alphas": [
      2.8183608390925046,
      5.947291508501589,
      8.852492411353936,
      11.428712764385544
    ],
    "beta": 2.3913302323725554
  }
}