dataset,balanced_accuracy,qwk,spearman_r,precision_c1,recall_c1,f1_c1,precision_c2,recall_c2,f1_c2,precision_c3,recall_c3,f1_c3,precision_c4,recall_c4,f1_c4,precision_c5,recall_c5,f1_c5,ece,brier
val,0.2553353302317677,0.39422176316188917,0.4113651300104044,0.0,0.0,0.0,0.5229007633587787,0.6431924882629108,0.5768421052631579,0.5283018867924528,0.6334841628959276,0.5761316872427984,0.0,0.0,0.0,0.0,0.0,0.0,0.016033524239100864,0.6056345443663715
test,0.2430447341662295,0.3632469195777944,0.37887270987393096,0.0,0.0,0.0,0.48717948717948717,0.6214953271028038,0.5462012320328542,0.468503937007874,0.536036036036036,0.5,0.42857142857142855,0.057692307692307696,0.1016949152542373,0.0,0.0,0.0,0.05552809128053288,0.616177740160834
