dataset,balanced_accuracy,qwk,spearman_r,precision_c1,recall_c1,f1_c1,precision_c2,recall_c2,f1_c2,precision_c3,recall_c3,f1_c3,precision_c4,recall_c4,f1_c4,precision_c5,recall_c5,f1_c5,ece,brier
val,0.44743005544579695,0.4573339813041365,0.43970141968716486,0.23529411764705882,0.41025641025641024,0.29906542056074764,0.5175879396984925,0.4835680751173709,0.5,0.536723163841808,0.4298642533936652,0.47738693467336685,0.19480519480519481,0.28846153846153844,0.23255813953488372,0.4166666666666667,0.625,0.5,0.038267256679573154,0.6715816134313483
test,0.36059038341379707,0.42278364223494624,0.41130669112976415,0.22950819672131148,0.3684210526315789,0.2828282828282828,0.4835680751173709,0.48130841121495327,0.48243559718969553,0.43103448275862066,0.33783783783783783,0.3787878787878788,0.25333333333333335,0.36538461538461536,0.2992125984251969,0.18181818181818182,0.25,0.21052631578947367,0.06090601102534783,0.6810881938465241
