{
  "gaussian": {
    "sigma": 0.678124222147562,
    "boundaries": [
      0.5,
      1.5,
      2.5,
      3.5,
      4.5,
      5.5
    ]
  },
  "ordinal": {
    "alphas": [
      2.852776708515502,
      5.86593055541271,
      8.757763419066016,
      11.384925194118129
    ],
    "beta": 2.432124697082469
  }
}