dataset,balanced_accuracy,qwk,spearman_r,precision_c1,recall_c1,f1_c1,precision_c2,recall_c2,f1_c2,precision_c3,recall_c3,f1_c3,mae,loss,range_0_pct,range_1_pct,range_2_pct
val,0.4995211759917642,0.45449107898432894,0.46469211358707435,0.701195219123506,0.6984126984126984,0.6998011928429424,0.5426356589147286,0.6334841628959276,0.5845511482254697,0.4166666666666667,0.16666666666666666,0.23809523809523808,0.5444371217187305,0.22189989115686398,0.6116322701688556,0.37335834896810505,0.0150093808630394
test,0.5228156728156729,0.47328892545314616,0.4747632094975389,0.6865671641791045,0.7301587301587301,0.7076923076923077,0.563265306122449,0.6216216216216216,0.5910064239828694,0.6190476190476191,0.21666666666666667,0.32098765432098764,0.5577277434006166,0.2290050055873528,0.6273408239700374,0.35767790262172283,0.0149812734082397
