{
  "gaussian": {
    "sigma": 0.6883391755762825,
    "boundaries": [
      0.5,
      1.5,
      2.5,
      3.5,
      4.5,
      5.5
    ]
  },
  "ordinal": {
    "alphas": [
      2.754581241205992,
      5.775061318847038,
      8.56722852487904,
      10.953966293724584
    ],
    "beta": 2.319914892389626
  }
}