dataset,balanced_accuracy,qwk,spearman_r,precision_c1,recall_c1,f1_c1,precision_c2,recall_c2,f1_c2,precision_c3,recall_c3,f1_c3,precision_c4,recall_c4,f1_c4,precision_c5,recall_c5,f1_c5,mae,loss,range_0_pct,range_1_pct,range_2_pct,range_3_pct,range_4_pct
val,0.39135013702122234,0.48770926908942425,0.4943274999176159,0.38461538461538464,0.1282051282051282,0.19230769230769232,0.5725490196078431,0.6854460093896714,0.6239316239316239,0.5932203389830508,0.6334841628959276,0.612691466083151,0.2916666666666667,0.1346153846153846,0.18421052631578946,0.6,0.375,0.46153846153846156,0.5352669367199767,0.22324767943618445,0.5647279620170593,0.3921200633049011,0.04127579554915428,0.0018761726096272469,0.0
test,0.34250876647581024,0.504679989881103,0.5063861203404405,0.3,0.15789473684210525,0.20689655172413793,0.5555555555555556,0.677570093457944,0.6105263157894737,0.5581395348837209,0.5405405405405406,0.5491990846681922,0.3142857142857143,0.21153846153846154,0.25287356321839083,0.3333333333333333,0.125,0.18181818181818182,0.5605885375305062,0.2377980730953288,0.5299625396728516,0.4344569146633148,0.03558052331209183,0.0,0.0
