{
  "gaussian": {
    "sigma": 0.8071760868417146,
    "boundaries": [
      0.5,
      1.5,
      2.5,
      3.5,
      4.5,
      5.5
    ]
  },
  "ordinal": {
    "alphas": [
      -3.3693191951168067,
      -0.25174947571367934,
      2.2342100739507957,
      4.626130021898433
    ],
    "beta": 1.6191456742880452
  }
}