dataset,balanced_accuracy,qwk,spearman_r,precision_c1,recall_c1,f1_c1,precision_c2,recall_c2,f1_c2,precision_c3,recall_c3,f1_c3,precision_c4,recall_c4,f1_c4,precision_c5,recall_c5,f1_c5,ece,brier
val,0.2,0.018919304375729973,0.17457642578199958,0.07386363636363637,1.0,0.13756613756613756,0.0,0.0,0.0,0.0,0.0,0.0,0.0,0.0,0.0,0.0,0.0,0.0,0.7954166872170201,1.5574022640818759
test,0.20093457943925236,0.016296128503567764,0.13335876388470377,0.07196969696969698,1.0,0.13427561837455831,0.25,0.004672897196261682,0.009174311926605505,0.0,0.0,0.0,0.0,0.0,0.0,0.0,0.0,0.0,0.7975618282479755,1.5765853368832403
