dataset,balanced_accuracy,qwk,spearman_r,precision_c1,recall_c1,f1_c1,precision_c2,recall_c2,f1_c2,precision_c3,recall_c3,f1_c3,precision_c4,recall_c4,f1_c4,precision_c5,recall_c5,f1_c5,ece,brier
val,0.32603137679773964,0.4348303959248522,0.4371929107161999,0.5714285714285714,0.20512820512820512,0.3018867924528302,0.5482233502538071,0.5070422535211268,0.526829268292683,0.5411392405063291,0.7737556561085973,0.6368715083798883,0.2,0.019230769230769232,0.03508771929824561,1.0,0.125,0.2222222222222222,0.028309355066868082,0.5932684681547633
test,0.3026320135641336,0.40423618743131184,0.4197557995836618,0.13043478260869565,0.07894736842105263,0.09836065573770492,0.5348837209302325,0.5373831775700935,0.5361305361305362,0.5208333333333334,0.6756756756756757,0.5882352941176471,0.8333333333333334,0.09615384615384616,0.1724137931034483,0.5,0.125,0.2,0.03203170525208036,0.6206603712990554
