dataset,balanced_accuracy,qwk,spearman_r,precision_c1,recall_c1,f1_c1,precision_c2,recall_c2,f1_c2,precision_c3,recall_c3,f1_c3,precision_c4,recall_c4,f1_c4,precision_c5,recall_c5,f1_c5,mae,loss,range_0_pct,range_1_pct,range_2_pct,range_3_pct,range_4_pct
val,0.47514233212244816,0.48627774235857546,0.4704654606008376,0.2777777777777778,0.6410256410256411,0.3875968992248062,0.5145631067961165,0.24882629107981222,0.33544303797468356,0.5212355212355212,0.6108597285067874,0.5625,0.18840579710144928,0.25,0.21487603305785125,0.4166666666666667,0.625,0.5,0.6547842405974083,-0.04686504947178863,0.4333958625793457,0.48405253887176514,0.07692307978868484,0.005628517828881741,0.0
test,0.38097787238220093,0.4619830928927531,0.46233590200934094,0.16666666666666666,0.42105263157894735,0.23880597014925373,0.5245901639344263,0.29906542056074764,0.38095238095238093,0.5172413793103449,0.5405405405405406,0.5286343612334802,0.22580645161290322,0.2692307692307692,0.24561403508771928,0.13636363636363635,0.375,0.2,0.7041198504105043,-0.04032948510965493,0.4063670337200165,0.4906367063522339,0.09550561755895615,0.00749063678085804,0.0
