dataset,balanced_accuracy,qwk,spearman_r,precision_c1,recall_c1,f1_c1,precision_c2,recall_c2,f1_c2,precision_c3,recall_c3,f1_c3,mae,loss,range_0_pct,range_1_pct,range_2_pct
val,0.5413644090114679,0.46434169572880335,0.46072936729360686,0.6907630522088354,0.6825396825396826,0.6866267465069861,0.5395348837209303,0.5248868778280543,0.5321100917431193,0.36231884057971014,0.4166666666666667,0.3875968992248062,0.620139994160543,0.28338788351914224,0.5872420262664165,0.3827392120075047,0.0300187617260788
test,0.5219505219505219,0.430494713424004,0.40807458113163253,0.6423076923076924,0.6626984126984127,0.65234375,0.5070422535211268,0.4864864864864865,0.496551724137931,0.4098360655737705,0.4166666666666667,0.4132231404958678,0.658868686759963,0.31198865387323643,0.5617977528089888,0.4101123595505618,0.028089887640449437
