{
  "gaussian": {
    "sigma": 0.9224472871346835,
    "boundaries": [
      0.5,
      1.5,
      2.5,
      3.5,
      4.5,
      5.5
    ]
  },
  "ordinal": {
    "alphas": [
      -0.5592539029427296,
      2.006079239811347,
      4.322884275149935,
      6.499030937503429
    ],
    "beta": 0.8002438409662896
  }
}