dataset,balanced_accuracy,qwk,spearman_r,precision_c1,recall_c1,f1_c1,precision_c2,recall_c2,f1_c2,precision_c3,recall_c3,f1_c3,precision_c4,recall_c4,f1_c4,precision_c5,recall_c5,f1_c5,ece,brier
val,0.2201644254668281,0.1503074470507858,0.1599872039033119,0.0,0.0,0.0,0.4505928853754941,0.5352112676056338,0.4892703862660944,0.44642857142857145,0.5656108597285068,0.499001996007984,0.0,0.0,0.0,0.0,0.0,0.0,0.01262377707437426,0.6467200809516284
test,0.22476214532289296,0.2009319240822821,0.2223692855750319,0.0,0.0,0.0,0.45627376425855515,0.5607476635514018,0.5031446540880503,0.4612546125461255,0.5630630630630631,0.5070993914807302,0.0,0.0,0.0,0.0,0.0,0.0,0.010226073200797645,0.6399436922646126
