{
  "gaussian": {
    "sigma": 0.768375332495997,
    "boundaries": [
      0.5,
      1.5,
      2.5,
      3.5,
      4.5,
      5.5
    ]
  },
  "ordinal": {
    "alphas": [
      1.0784847171655771,
      3.9978201375604145,
      6.677421304079925,
      9.048683532019506
    ],
    "beta": 1.6408263648377432
  }
}