dataset,balanced_accuracy,qwk,spearman_r,precision_c1,recall_c1,f1_c1,precision_c2,recall_c2,f1_c2,precision_c3,recall_c3,f1_c3,mae,loss,range_0_pct,range_1_pct,range_2_pct
val,0.5003591180061768,0.4494869349458047,0.4615738835235791,0.6879699248120301,0.7261904761904762,0.7065637065637066,0.5370370370370371,0.5248868778280543,0.5308924485125858,0.29411764705882354,0.25,0.2702702702702703,0.5902932993019275,0.2584913084475676,0.5891181988742964,0.38461538461538464,0.02626641651031895
test,0.4768768768768769,0.394354722768007,0.3752476518110763,0.6199261992619927,0.6666666666666666,0.6424474187380497,0.47685185185185186,0.46396396396396394,0.4703196347031963,0.3829787234042553,0.3,0.3364485981308411,0.6382788183090838,0.2965501923016395,0.5411985018726592,0.4344569288389513,0.024344569288389514
