{
  "gaussian": {
    "sigma": 0.9444460845242489,
    "boundaries": [
      0.5,
      1.5,
      2.5,
      3.5,
      4.5,
      5.5
    ]
  },
  "ordinal": {
    "alphas": [
      -0.7663287592963833,
      1.7545185526686504,
      4.029097671488434,
      6.193993439753555
    ],
    "beta": 0.6873543169981113
  }
}