dataset,balanced_accuracy,qwk,spearman_r,precision_c1,recall_c1,f1_c1,precision_c2,recall_c2,f1_c2,precision_c3,recall_c3,f1_c3,precision_c4,recall_c4,f1_c4,precision_c5,recall_c5,f1_c5,ece,brier
val,0.21463259193168058,0.19939006349712096,0.20618815846076466,0.0,0.0,0.0,0.43529411764705883,0.5211267605633803,0.47435897435897434,0.43884892086330934,0.5520361990950227,0.48897795591182364,0.0,0.0,0.0,0.0,0.0,0.0,0.03650424384382174,0.6431595093652848
test,0.2346046981561,0.20834479596515354,0.2362470435447719,0.0,0.0,0.0,0.4957983193277311,0.5514018691588785,0.5221238938053098,0.46621621621621623,0.6216216216216216,0.5328185328185329,0.0,0.0,0.0,0.0,0.0,0.0,0.03788760595047292,0.6382289583623078
