dataset,balanced_accuracy,qwk,spearman_r,precision_c1,recall_c1,f1_c1,precision_c2,recall_c2,f1_c2,precision_c3,recall_c3,f1_c3,mae,loss,range_0_pct,range_1_pct,range_2_pct
val,0.4167337020278197,0.2012956086379072,0.19276964050059858,0.5639810426540285,0.4722222222222222,0.5140388768898488,0.44140625,0.5113122171945701,0.47379454926624737,0.24242424242424243,0.26666666666666666,0.25396825396825395,0.7610650523294875,0.39264792572937585,0.4652908067542214,0.4709193245778612,0.06378986866791744
test,0.43185328185328187,0.23772285062607634,0.2303229175665005,0.5882352941176471,0.47619047619047616,0.5263157894736842,0.45075757575757575,0.536036036036036,0.4897119341563786,0.25757575757575757,0.2833333333333333,0.2698412698412698,0.7125260852249374,0.3558841881234101,0.4794007490636704,0.46441947565543074,0.056179775280898875
