{
  "gaussian": {
    "sigma": 0.6844212808620314,
    "boundaries": [
      0.5,
      1.5,
      2.5,
      3.5,
      4.5,
      5.5
    ]
  },
  "ordinal": {
    "alphas": [
      2.8628074408977393,
      5.93651470003418,
      8.696901472403784,
      11.135903601138258
    ],
    "beta": 2.3562505523410002
  }
}