dataset,balanced_accuracy,qwk,spearman_r,precision_c1,recall_c1,f1_c1,precision_c2,recall_c2,f1_c2,precision_c3,recall_c3,f1_c3,precision_c4,recall_c4,f1_c4,precision_c5,recall_c5,f1_c5,ece,brier
val,0.3104863722303656,0.4761313742933394,0.5046342389650534,1.0,0.02564102564102564,0.05,0.5755102040816327,0.6619718309859155,0.6157205240174672,0.5656934306569343,0.7013574660633484,0.6262626262626263,0.16666666666666666,0.038461538461538464,0.0625,1.0,0.125,0.2222222222222222,0.026391359278886646,0.57975673425875
test,0.3318298575922777,0.4342188355155139,0.4582526803704292,0.16666666666666666,0.02631578947368421,0.045454545454545456,0.5648535564853556,0.6308411214953271,0.5960264900662252,0.5527272727272727,0.6846846846846847,0.6116700201207244,0.7692307692307693,0.19230769230769232,0.3076923076923077,1.0,0.125,0.2222222222222222,0.019140092742525094,0.5826165521838609
