{
  "gaussian": {
    "sigma": 0.9916150895147717,
    "boundaries": [
      0.5,
      1.5,
      2.5,
      3.5,
      4.5,
      5.5
    ]
  },
  "ordinal": {
    "alphas": [
      -1.1794378123073717,
      1.3083484560456342,
      3.548087220815575,
      5.695509858167135
    ],
    "beta": 0.5373126866968837
  }
}