dataset,balanced_accuracy,qwk,spearman_r,precision_c1,recall_c1,f1_c1,precision_c2,recall_c2,f1_c2,precision_c3,recall_c3,f1_c3,range_0_pct,range_1_pct,range_2_pct
val,0.3871028753381695,0.05466287136847947,0.09141185810584997,0.625,0.1984126984126984,0.30120481927710846,0.5142857142857142,0.16289592760180996,0.24742268041237114,0.12532637075718014,0.8,0.21670428893905191,0.25140712945590993,0.41088180112570355,0.33771106941838647
test,0.40272415272415274,0.1015346910194318,0.16161368767543297,0.6404494382022472,0.2261904761904762,0.3343108504398827,0.4074074074074074,0.14864864864864866,0.21782178217821782,0.13736263736263737,0.8333333333333334,0.2358490566037736,0.26217228464419473,0.4438202247191011,0.2940074906367041
