{
  "gaussian": {
    "sigma": 0.7579162898623616,
    "boundaries": [
      0.5,
      1.5,
      2.5,
      3.5,
      4.5,
      5.5
    ]
  },
  "ordinal": {
    "alphas": [
      1.167507927154627,
      4.022676710370135,
      6.654655177223146,
      8.946114739502821
    ],
    "beta": 1.625062709690257
  }
}