dataset,balanced_accuracy,qwk,spearman_r,precision_c1,recall_c1,f1_c1,precision_c2,recall_c2,f1_c2,precision_c3,recall_c3,f1_c3,precision_c4,recall_c4,f1_c4,precision_c5,recall_c5,f1_c5,ece,brier
val,0.3639480169099059,0.4918029413378697,0.5080058850795236,0.3333333333333333,0.02564102564102564,0.047619047619047616,0.5742971887550201,0.6713615023474179,0.6190476190476191,0.549618320610687,0.6515837104072398,0.5962732919254659,0.3125,0.09615384615384616,0.14705882352941177,1.0,0.375,0.5454545454545454,0.016166454093867848,0.5683953602568961
test,0.3063641018141756,0.47114367114367117,0.509509909984546,0.25,0.05263157894736842,0.08695652173913043,0.5764705882352941,0.6869158878504673,0.6268656716417911,0.5816733067729084,0.6576576576576577,0.6173361522198731,0.3684210526315789,0.1346153846153846,0.19718309859154928,0.0,0.0,0.0,0.024223994003547758,0.5791574943322889
