dataset,balanced_accuracy,qwk,spearman_r,precision_c1,recall_c1,f1_c1,precision_c2,recall_c2,f1_c2,precision_c3,recall_c3,f1_c3,mae,loss,range_0_pct,range_1_pct,range_2_pct
val,0.5191972515501927,0.4977599218756692,0.51476320501874,0.6835016835016835,0.8055555555555556,0.7395264116575592,0.5781990521327014,0.5520361990950227,0.5648148148148148,0.48,0.2,0.2823529411764706,0.5334492551676552,0.2184680696947266,0.6322701688555347,0.3527204502814259,0.0150093808630394
test,0.5203203203203203,0.4790266097492396,0.5063276445742616,0.688135593220339,0.8055555555555556,0.7422303473491774,0.596244131455399,0.5720720720720721,0.5839080459770115,0.4230769230769231,0.18333333333333332,0.2558139534883721,0.5580681022186851,0.23718086521277268,0.6385767790262172,0.3389513108614232,0.02247191011235955
