dataset,balanced_accuracy,qwk,spearman_r,precision_c1,recall_c1,f1_c1,precision_c2,recall_c2,f1_c2,precision_c3,recall_c3,f1_c3,mae,loss,range_0_pct,range_1_pct,range_2_pct
val,0.5387811534870358,0.485096749851776,0.49354956634674396,0.7310924369747899,0.6904761904761905,0.710204081632653,0.5634920634920635,0.6425339366515838,0.6004228329809725,0.3953488372093023,0.2833333333333333,0.3300970873786408,0.5450411982428961,0.2268898351219313,0.624765478424015,0.3545966228893058,0.020637898686679174
test,0.5512941512941513,0.4984156931040321,0.49220626908447973,0.7172995780590717,0.6746031746031746,0.6952965235173824,0.5506072874493927,0.6126126126126126,0.579957356076759,0.44,0.36666666666666664,0.4,0.5389067224795452,0.22700306951776425,0.6142322097378277,0.36891385767790263,0.016853932584269662
