dataset,balanced_accuracy,qwk,spearman_r,precision_c1,recall_c1,f1_c1,precision_c2,recall_c2,f1_c2,precision_c3,recall_c3,f1_c3,precision_c4,recall_c4,f1_c4,precision_c5,recall_c5,f1_c5,ece,brier
val,0.2324187963376033,0.08422726565605931,0.1355157087682325,0.1111111111111111,0.6410256410256411,0.1893939393939394,0.3781818181818182,0.48826291079812206,0.4262295081967213,0.15789473684210525,0.013574660633484163,0.025,0.25,0.019230769230769232,0.03571428571428571,0.0,0.0,0.0,0.0397531571506679,0.7866651757396863
test,0.20946455555407845,0.07598135848522525,0.12915158923497227,0.08733624454148471,0.5263157894736842,0.149812734082397,0.38132295719844356,0.45794392523364486,0.416135881104034,0.4375,0.06306306306306306,0.11023622047244094,0.0,0.0,0.0,0.0,0.0,0.0,0.04055775642204148,0.7878444729165079
