dataset,balanced_accuracy,qwk,spearman_r,precision_c1,recall_c1,f1_c1,precision_c2,recall_c2,f1_c2,precision_c3,recall_c3,f1_c3,precision_c4,recall_c4,f1_c4,precision_c5,recall_c5,f1_c5,ece,brier
val,0.20384615384615384,0.006236903327998422,0.0704987400332143,0.0,0.0,0.0,0.0,0.0,0.0,0.41541353383458646,1.0,0.5869853917662683,1.0,0.019230769230769232,0.03773584905660377,0.0,0.0,0.0,0.001852883736393418,0.6518346169838534
test,0.19909909909909912,-0.009476578611411046,-0.05936005639361658,0.0,0.0,0.0,0.0,0.0,0.0,0.416195856873823,0.9954954954954955,0.5869853917662683,0.0,0.0,0.0,0.0,0.0,0.0,0.0013136235434453708,0.6562367304674727
