{
  "gaussian": {
    "sigma": 4.285109185485392,
    "boundaries": [
      0.5,
      1.5,
      2.5,
      3.5,
      4.5,
      5.5
    ]
  },
  "ordinal": {
    "alphas": [
      -2.4634700785649453,
      -0.028724951959699485,
      2.1599613976919203,
      4.293195394603654
    ],
    "beta": 0.0377619910801613
  }
}