dataset,balanced_accuracy,qwk,spearman_r,precision_c1,recall_c1,f1_c1,precision_c2,recall_c2,f1_c2,precision_c3,recall_c3,f1_c3,precision_c4,recall_c4,f1_c4,precision_c5,recall_c5,f1_c5,mae,loss,range_0_pct,range_1_pct,range_2_pct,range_3_pct,range_4_pct
val,0.2980785163469505,0.33652132041063054,0.33895340131085705,0.06060606060606061,0.05128205128205128,0.05555555555555555,0.48095238095238096,0.47417840375586856,0.47754137115839246,0.49767441860465117,0.4841628959276018,0.4908256880733945,0.1791044776119403,0.23076923076923078,0.20168067226890757,0.25,0.25,0.25,0.7208398195860757,0.36045275564265294,0.4202626645565033,0.4878048896789551,0.08067542314529419,0.011257035657763481,0.0
test,0.28634120518035916,0.31280655675453306,0.2947999690871284,0.25,0.2631578947368421,0.2564102564102564,0.48068669527896996,0.5233644859813084,0.5011185682326622,0.45098039215686275,0.4144144144144144,0.431924882629108,0.23529411764705882,0.23076923076923078,0.23300970873786409,0.0,0.0,0.0,0.7165409587742237,0.36114468400398,0.4232209622859955,0.4737827777862549,0.09737827628850937,0.00561797758564353,0.0
