dataset,balanced_accuracy,qwk,spearman_r,precision_c1,recall_c1,f1_c1,precision_c2,recall_c2,f1_c2,precision_c3,recall_c3,f1_c3,mae,loss,range_0_pct,range_1_pct,range_2_pct
val,0.47064689123512654,0.32018814647704563,0.3247782084066723,0.6337448559670782,0.6111111111111112,0.6222222222222222,0.49767441860465117,0.4841628959276018,0.4908256880733945,0.25333333333333335,0.31666666666666665,0.2814814814814815,0.7208398195860757,0.36045275564265294,0.525328330206379,0.4165103189493433,0.058161350844277676
test,0.4402545402545403,0.2890520386018378,0.2722004736762742,0.575091575091575,0.623015873015873,0.5980952380952381,0.45098039215686275,0.4144144144144144,0.431924882629108,0.2982456140350877,0.2833333333333333,0.2905982905982906,0.7165409587742237,0.36114468400398,0.49812734082397003,0.45318352059925093,0.04868913857677903
