{
  "gaussian": {
    "sigma": 0.6823857772080968,
    "boundaries": [
      0.5,
      1.5,
      2.5,
      3.5,
      4.5,
      5.5
    ]
  },
  "ordinal": {
    "alphas": [
      2.9831659594060267,
      5.955177864634169,
      8.743744064914193,
      11.364942994462396
    ],
    "beta": 2.3941131547330894
  }
}