dataset,balanced_accuracy,qwk,spearman_r,precision_c1,recall_c1,f1_c1,precision_c2,recall_c2,f1_c2,precision_c3,recall_c3,f1_c3,precision_c4,recall_c4,f1_c4,precision_c5,recall_c5,f1_c5,ece,brier
val,0.22963057378964588,0.16713259049251672,0.18077280072988525,0.0,0.0,0.0,0.46496815286624205,0.3427230046948357,0.3945945945945946,0.43243243243243246,0.6515837104072398,0.51985559566787,0.2,0.15384615384615385,0.17391304347826086,0.0,0.0,0.0,0.005973921718499125,0.6881540312896934
test,0.2389314188379609,0.23533806499813226,0.23143388877490906,0.0,0.0,0.0,0.4627659574468085,0.40654205607476634,0.43283582089552236,0.43986254295532645,0.5765765765765766,0.49902534113060426,0.22,0.21153846153846154,0.21568627450980393,0.0,0.0,0.0,0.010927562652800586,0.6807319003514658
