dataset,balanced_accuracy,qwk,spearman_r,precision_c1,recall_c1,f1_c1,precision_c2,recall_c2,f1_c2,precision_c3,recall_c3,f1_c3,precision_c4,recall_c4,f1_c4,precision_c5,recall_c5,f1_c5,ece,brier
val,0.2241794659358868,0.14299145397541724,0.1638568357188178,0.0,0.0,0.0,0.45,0.4647887323943662,0.45727482678983833,0.46325878594249204,0.6561085972850679,0.5430711610486891,0.0,0.0,0.0,0.0,0.0,0.0,0.004875728836207443,0.6442604566338067
test,0.22986444388313548,0.17865013774104688,0.20117888124453376,0.0,0.0,0.0,0.47435897435897434,0.5186915887850467,0.4955357142857143,0.4666666666666667,0.6306306306306306,0.5363984674329502,0.0,0.0,0.0,0.0,0.0,0.0,0.014366003032585813,0.6402822094164244
