{
  "gaussian": {
    "sigma": 0.8918119461798734,
    "boundaries": [
      0.5,
      1.5,
      2.5,
      3.5,
      4.5,
      5.5
    ]
  },
  "ordinal": {
    "alphas": [
      -0.6625936859786916,
      1.8242027954924775,
      4.063072872983721,
      6.196915776510796
    ],
    "beta": 0.7038786606382854
  }
}