dataset,balanced_accuracy,qwk,spearman_r,precision_c1,recall_c1,f1_c1,precision_c2,recall_c2,f1_c2,precision_c3,recall_c3,f1_c3,precision_c4,recall_c4,f1_c4,precision_c5,recall_c5,f1_c5,ece,brier
val,0.2563645826694708,0.3887614678899082,0.4189937663990902,0.0,0.0,0.0,0.5193798449612403,0.6291079812206573,0.5690021231422505,0.5147058823529411,0.6334841628959276,0.5679513184584178,0.3333333333333333,0.019230769230769232,0.03636363636363636,0.0,0.0,0.0,0.019347314612152458,0.6021358865989132
test,0.25025120849026405,0.29881273728794966,0.3085213076110927,1.0,0.02631578947368421,0.05128205128205128,0.4868913857677903,0.6074766355140186,0.5405405405405406,0.46511627906976744,0.5405405405405406,0.5,0.5,0.07692307692307693,0.13333333333333333,0.0,0.0,0.0,0.0538555331659487,0.6177244508737134
