dataset,balanced_accuracy,qwk,spearman_r,precision_c1,recall_c1,f1_c1,precision_c2,recall_c2,f1_c2,precision_c3,recall_c3,f1_c3,precision_c4,recall_c4,f1_c4,precision_c5,recall_c5,f1_c5,mae,loss,range_0_pct,range_1_pct,range_2_pct,range_3_pct,range_4_pct
val,0.3199307458628088,0.47417068429922893,0.4652658827294721,0.3333333333333333,0.2564102564102564,0.2898550724637681,0.5087719298245614,0.5446009389671361,0.5260770975056689,0.5043103448275862,0.5294117647058824,0.5165562913907285,0.32558139534883723,0.2692307692307692,0.29473684210526313,0.0,0.0,0.0,0.6094992851897878,0.2686537449400152,0.48217636346817017,0.4803001880645752,0.03752345219254494,0.0,0.0
test,0.29538803436983463,0.3708268561699608,0.3487732786687848,0.3333333333333333,0.18421052631578946,0.23728813559322035,0.48,0.5607476635514018,0.5172413793103449,0.4713656387665198,0.481981981981982,0.4766146993318486,0.3611111111111111,0.25,0.29545454545454547,0.0,0.0,0.0,0.6282945478453619,0.2860985195145625,0.46254682540893555,0.4812734127044678,0.05430711433291435,0.00187265919521451,0.0
