{
  "gaussian": {
    "sigma": 0.6977148262849927,
    "boundaries": [
      0.5,
      1.5,
      2.5,
      3.5,
      4.5,
      5.5
    ]
  },
  "ordinal": {
    "alphas": [
      2.4631810139540335,
      5.503681818460939,
      8.307007506173777,
      10.70484639358491
    ],
    "beta": 2.1764321325552154
  }
}