{
  "gaussian": {
    "sigma": 0.6945136736873052,
    "boundaries": [
      0.5,
      1.5,
      2.5,
      3.5,
      4.5,
      5.5
    ]
  },
  "ordinal": {
    "alphas": [
      2.565032529219874,
      5.595066622256159,
      8.40284227026161,
      10.944336767934969
    ],
    "beta": 2.2567737489135693
  }
}