{
  "gaussian": {
    "sigma": 0.6966054149295969,
    "boundaries": [
      0.5,
      1.5,
      2.5,
      3.5,
      4.5,
      5.5
    ]
  },
  "ordinal": {
    "alphas": [
      2.130396914131355,
      5.1533998901279245,
      8.048903041255972,
      10.498099387261078
    ],
    "beta": 2.1587621645036075
  }
}