dataset,balanced_accuracy,qwk,spearman_r,precision_c1,recall_c1,f1_c1,precision_c2,recall_c2,f1_c2,precision_c3,recall_c3,f1_c3,precision_c4,recall_c4,f1_c4,precision_c5,recall_c5,f1_c5,ece,brier
val,0.31830029953476513,0.4868056367475224,0.5208491206711959,0.75,0.07692307692307693,0.13953488372093023,0.5802919708029197,0.7464788732394366,0.6529774127310062,0.5982905982905983,0.6334841628959276,0.6153846153846154,0.3333333333333333,0.1346153846153846,0.1917808219178082,0.0,0.0,0.0,0.026525984516946505,0.5604725640334571
test,0.2875462185103109,0.4350449374646471,0.4594070085549486,1.0,0.05263157894736842,0.1,0.539568345323741,0.7009345794392523,0.6097560975609756,0.5191489361702127,0.5495495495495496,0.5339168490153173,0.3684210526315789,0.1346153846153846,0.19718309859154928,0.0,0.0,0.0,0.039476031485214,0.6008176333840445
