{
  "gaussian": {
    "sigma": 0.6861035942761926,
    "boundaries": [
      0.5,
      1.5,
      2.5,
      3.5,
      4.5,
      5.5
    ]
  },
  "ordinal": {
    "alphas": [
      3.541204421366821,
      6.584509912890287,
      9.351255333833496,
      11.618035288887235
    ],
    "beta": 2.646471457785387
  }
}