{
  "gaussian": {
    "sigma": 0.6628255523281337,
    "boundaries": [
      0.5,
      1.5,
      2.5,
      3.5,
      4.5,
      5.5
    ]
  },
  "ordinal": {
    "alphas": [
      3.145331162769456,
      6.359670540122554,
      9.321139078043965,
      11.785181205742278
    ],
    "beta": 2.5186839150575513
  }
}