dataset,balanced_accuracy,qwk,spearman_r,precision_c1,recall_c1,f1_c1,precision_c2,recall_c2,f1_c2,precision_c3,recall_c3,f1_c3,precision_c4,recall_c4,f1_c4,precision_c5,recall_c5,f1_c5,ece,brier
train,0.9637234223066111,0.9734298733387527,0.9739399078532066,0.9501557632398754,0.9838709677419355,0.9667194928684627,0.9754242246928028,0.9759953161592506,0.9757096868598185,0.9612359550561798,0.9650310208685843,0.9631297495074584,0.9367088607594937,0.893719806763285,0.9147095179233622,1.0,1.0,1.0,0.42065587828271295,0.32911681783518715
val,0.36900824251694175,0.5425953069994112,0.5528623381655668,0.3333333333333333,0.1282051282051282,0.18518518518518517,0.5850622406639004,0.6619718309859155,0.6211453744493393,0.6083333333333333,0.6606334841628959,0.6334056399132321,0.3888888888888889,0.2692307692307692,0.3181818181818182,1.0,0.125,0.2222222222222222,0.06376826965866988,0.5660771502191349
test,0.37098915196554155,0.5078574821852732,0.5149946061924653,0.42857142857142855,0.15789473684210525,0.23076923076923078,0.5833333333333334,0.6869158878504673,0.630901287553648,0.6025641025641025,0.6351351351351351,0.618421052631579,0.3939393939393939,0.25,0.3058823529411765,1.0,0.125,0.2222222222222222,0.0631604494669826,0.5860515654893832
