dataset,balanced_accuracy,qwk,spearman_r,precision_c1,recall_c1,f1_c1,precision_c2,recall_c2,f1_c2,precision_c3,recall_c3,f1_c3,precision_c4,recall_c4,f1_c4,precision_c5,recall_c5,f1_c5,mae,loss,range_0_pct,range_1_pct,range_2_pct,range_3_pct,range_4_pct
val,0.36900824251694175,0.5425953069994112,0.5528623381655668,0.3333333333333333,0.1282051282051282,0.18518518518518517,0.5850622406639004,0.6619718309859155,0.6211453744493393,0.6083333333333333,0.6606334841628959,0.6334056399132321,0.3888888888888889,0.2692307692307692,0.3181818181818182,1.0,0.125,0.2222222222222222,0.5184451776642289,0.20700247862549256,0.5759850144386292,0.3939962387084961,0.03001876175403595,0.0,0.0
test,0.37098915196554155,0.5078574821852732,0.5149946061924653,0.42857142857142855,0.15789473684210525,0.23076923076923078,0.5833333333333334,0.6869158878504673,0.630901287553648,0.6025641025641025,0.6351351351351351,0.618421052631579,0.3939393939393939,0.25,0.3058823529411765,1.0,0.125,0.2222222222222222,0.5404567571168535,0.23106921879986253,0.5767790079116821,0.38576778769493103,0.03558052331209183,0.00187265919521451,0.0
