dataset,balanced_accuracy,qwk,spearman_r,precision_c1,recall_c1,f1_c1,precision_c2,recall_c2,f1_c2,precision_c3,recall_c3,f1_c3,mae,loss,range_0_pct,range_1_pct,range_2_pct
val,0.38756494050611695,0.16718749999999993,0.17208667455181104,0.5796178343949044,0.3611111111111111,0.4449877750611247,0.43243243243243246,0.6515837104072398,0.51985559566787,0.20930232558139536,0.15,0.17475728155339806,0.7189891358477537,0.36124968237993194,0.45778611632270166,0.49906191369606,0.043151969981238276
test,0.41970541970541975,0.22283100555243007,0.21527118101713286,0.5797872340425532,0.43253968253968256,0.4954545454545455,0.43986254295532645,0.5765765765765766,0.49902534113060426,0.2727272727272727,0.25,0.2608695652173913,0.699011474512936,0.3450020206778237,0.47191011235955055,0.4812734082397004,0.04681647940074907
