{
  "gaussian": {
    "sigma": 0.9060840960375363,
    "boundaries": [
      0.5,
      1.5,
      2.5,
      3.5,
      4.5,
      5.5
    ]
  },
  "ordinal": {
    "alphas": [
      0.4306436474490631,
      3.1978020497126307,
      5.782613273094866,
      8.186608337057052
    ],
    "beta": 1.2839970715477602
  }
}