dataset,balanced_accuracy,qwk,spearman_r,precision_c1,recall_c1,f1_c1,precision_c2,recall_c2,f1_c2,precision_c3,recall_c3,f1_c3,precision_c4,recall_c4,f1_c4,precision_c5,recall_c5,f1_c5,ece,brier
val,0.37406368831389547,0.4864472820447664,0.47953106494882136,0.25,0.20512820512820512,0.22535211267605634,0.5529953917050692,0.5633802816901409,0.5581395348837209,0.5395348837209303,0.5248868778280543,0.5321100917431193,0.265625,0.3269230769230769,0.29310344827586204,0.4,0.25,0.3076923076923077,0.08846793157052593,0.6452068929512712
test,0.3330430689874861,0.4412809131261889,0.4294979036599301,0.1891891891891892,0.18421052631578946,0.18666666666666668,0.5022421524663677,0.5233644859813084,0.5125858123569794,0.5070422535211268,0.4864864864864865,0.496551724137931,0.32727272727272727,0.34615384615384615,0.3364485981308411,0.16666666666666666,0.125,0.14285714285714285,0.05437928977153188,0.6598424188960496
