{
  "gaussian": {
    "sigma": 0.8701507912852502,
    "boundaries": [
      0.5,
      1.5,
      2.5,
      3.5,
      4.5,
      5.5
    ]
  },
  "ordinal": {
    "alphas": [
      0.11340631780728112,
      2.9195278880416327,
      5.505518802821574,
      7.788649918196423
    ],
    "beta": 1.1895385975844337
  }
}