dataset,balanced_accuracy,qwk,spearman_r,precision_c1,recall_c1,f1_c1,precision_c2,recall_c2,f1_c2,precision_c3,recall_c3,f1_c3,mae,loss,range_0_pct,range_1_pct,range_2_pct
val,0.5136584548349254,0.39232234472978056,0.3985286767862179,0.6554307116104869,0.6944444444444444,0.674373795761079,0.536723163841808,0.4298642533936652,0.47738693467336685,0.2808988764044944,0.4166666666666667,0.33557046979865773,0.6933862755938274,0.3369390388590757,0.5534709193245778,0.3902439024390244,0.05628517823639775
test,0.47372372372372373,0.39270763563295374,0.37661594852719926,0.6131386861313869,0.6666666666666666,0.6387832699619772,0.43103448275862066,0.33783783783783783,0.3787878787878788,0.29069767441860467,0.4166666666666667,0.3424657534246575,0.7141570223404674,0.34785215919383905,0.50187265917603,0.4606741573033708,0.03745318352059925
