dataset,balanced_accuracy,qwk,spearman_r,precision_c1,recall_c1,f1_c1,precision_c2,recall_c2,f1_c2,precision_c3,recall_c3,f1_c3,mae,loss,range_0_pct,range_1_pct,range_2_pct
val,0.504128660011013,0.47442808309229556,0.5099799318509707,0.7234848484848485,0.7579365079365079,0.7403100775193798,0.5823754789272031,0.6877828054298643,0.6307053941908713,0.5,0.06666666666666667,0.11764705882352941,0.5160250528444716,0.22156089359779071,0.651031894934334,0.3339587242026266,0.0150093808630394
test,0.4646003146003146,0.40993927238286254,0.4096858461331292,0.6515151515151515,0.6825396825396826,0.6666666666666666,0.5076923076923077,0.5945945945945946,0.5477178423236515,0.7,0.11666666666666667,0.2,0.556037313705973,0.24443049310298448,0.5823970037453183,0.40823970037453183,0.009363295880149813
